{"cameraMode":{"drawMode":0,"name":"Shaded","section":"Shading Mode"},"sceneLighting":true,"audioPlay":false,"sceneViewState":{"showFog":true,"showMaterialUpdate":false,"showSkybox":true,"showFlares":true,"showImageEffects":true,"showParticleSystems":true,"showVisualEffectGraphs":true,"m_FxEnabled":true},"in2DMode":false,"pivot":{"x":0.7864439487457275,"y":-0.6012763977050781,"z":-8.986108779907227},"rotation":{"x":-0.005181864369660616,"y":0.9627054929733276,"z":-0.2698700726032257,"w":-0.01848522014915943},"size":11.975112915039063,"orthographic":false}