{"cameraMode":{"drawMode":0,"name":"Shaded","section":"Shading Mode"},"sceneLighting":true,"audioPlay":false,"sceneViewState":{"showFog":true,"showMaterialUpdate":false,"showSkybox":true,"showFlares":true,"showImageEffects":true,"showParticleSystems":true,"showVisualEffectGraphs":true,"m_FxEnabled":true},"in2DMode":false,"pivot":{"x":2.1155993938446047,"y":-13.029258728027344,"z":-18.618247985839845},"rotation":{"x":0.006044182926416397,"y":-0.9519124627113342,"z":0.30577290058135989,"w":0.01884537562727928},"size":25.781206130981447,"orthographic":false}