{"cameraMode":{"drawMode":0,"name":"Shaded","section":"Shading Mode"},"sceneLighting":false,"audioPlay":false,"sceneViewState":{"showFog":true,"showMaterialUpdate":false,"showSkybox":false,"showFlares":true,"showImageEffects":true,"showParticleSystems":true,"showVisualEffectGraphs":true,"m_FxEnabled":true},"in2DMode":false,"pivot":{"x":-0.0005988478660583496,"y":1.09879469871521,"z":0.0033684223890304567},"rotation":{"x":0.0031071207486093046,"y":-0.9165824055671692,"z":0.39980238676071169,"w":0.007145679090172052},"size":1.336535930633545,"orthographic":false}