{"cameraMode":{"drawMode":0,"name":"Shaded","section":"Shading Mode"},"sceneLighting":false,"audioPlay":false,"sceneViewState":{"showFog":true,"showMaterialUpdate":false,"showSkybox":false,"showFlares":true,"showImageEffects":true,"showParticleSystems":true,"showVisualEffectGraphs":true,"m_FxEnabled":true},"in2DMode":false,"pivot":{"x":-0.5759707093238831,"y":-0.006721019744873047,"z":0.06594729423522949},"rotation":{"x":0.03640596196055412,"y":-0.9449320435523987,"z":0.30509600043296816,"w":0.11278403550386429},"size":1.3794364929199219,"orthographic":false}